Hasan,Rahid,1987,hasanrashid@yahoo.dk,Frimestervej 40,true,false,CRAWL
Sarah,Smith,1995,sarahsmith@email.com,Maple Street 12,true,false,MEDLEY
James,Anderson,1986,james.anderson@gmail.com,Oak Avenue 25,false,false,BUTTERFLY
Emily,Johnson,1998,emily.j@email.com,Pine Lane 7,false,true,CRAWL
Alex,Miller,2003,alex.miller@hotmail.com,Spruce Drive 18,true,true,BACKSTROKE
Olivia,Davis,1975,olivia.d@gmail.com,Birch Road 33,true,false,BREASTSTROKE
Daniel,Clark,1981,daniel.c@email.com,Elm Court 5,false,true,MEDLEY
Sophia,Martin,1992,sophia.m@hotmail.com,Willow Street 22,false,true,CRAWL
Ethan,Wright,1984,ethan.w@email.com,Cedar Lane 14,true,false,BUTTERFLY
Emma,Turner,1972,emma.turner@gmail.com,Sycamore Avenue 29,false,false,MEDLEY
Liam,Hill,1999,liam.h@email.com,Redwood Road 9,true,false,CRAWL
Ava,Brown,1995,ava.brown@hotmail.com,Cherry Lane 16,true,true,BUTTERFLY
Noah,Cooper,1987,noah.c@email.com,Poplar Drive 27,true,false,BUTTERFLY
Mia,Wilson,1996,mia.w@email.com,Aspen Court 8,false,true,BACKSTROKE
Benjamin,Ross,2005,benjamin.r@email.com,Hickory Street 21,false,false,BREASTSTROKE
Chloe,Adams,1993,chloe.a@email.com,Magnolia Lane 11,true,false,CRAWL
Samuel,Baker,1970,samuel.b@email.com,Cypress Road 24,false,true,CRAWL
Lily,Turner,2002,lily.t@hotmail.com,Palm Drive 13,false,false,BUTTERFLY
Christopher,Hall,1962,chris.h@email.com,Juniper Court 26,false,true,MEDLEY
Grace,Moore,1981,grace.m@email.com,Pear Street 10,true,false,CRAWL
William,Rivera,2003,william.r@email.com,Pecan Lane 19,false,true,MEDLEY
Harper,Adams,1995,harper.a@hotmail.com,Walnut Avenue 30,false,true,BUTTERFLY
Aiden,Campbell,1971,aiden.c@email.com,Acorn Drive 17,true,true,MEDLEY
Evelyn,Roberts,2010,evelyn.r@email.com,Almond Road 28,false,false,CRAWL
Jackson,Wright,2005,jackson.w@email.com,Olive Court 15,false,true,BREASTSTROKE
Abigail,Young,1975,abigail.y@email.com,Chestnut Street 20,true,false,MEDLEY
Logan,Hall,1972,logan.h@email.com,Hazelnut Lane 31,true,true,CRAWL
Victoria,Cooper,1999,victoria.c@email.com,Sunflower Drive 6,false,false,BUTTERFLY
Elijah,Rogers,2003,elijah.r@email.com,Tulip Road 23,true,true,BACKSTROKE
Madison,Perez,1995,madison.p@email.com,Rose Lane 32,false,true,CRAWL
Isaac,Garcia,1977,isaac.g@email.com,Daisy Avenue 7,true,false,BREASTSTROKE
Zoe,Fisher,1980,zoe.f@email.com,Lily Street 18,true,true,BREASTSTROKE
Grayson,Brooks,2005,grayson.b@email.com,Violet Drive 29,true,false,CRAWL
Scarlett,Hughes,1968,scarlett.h@email.com,Tiger Lily Court 14,false,false,MEDLEY
Gabriel,Richards,1993,gabriel.r@email.com,Daffodil Road 25,false,true,BACKSTROKE
Penelope,Stewart,2002,penelope.s@email.com,Orchid Lane 10,false,false,MEDLEY
Julian,Gray,1964,julian.g@email.com,Bluebell Street 21,true,true,BREASTSTROKE
Riley,Price,2001,riley.p@email.com,Daisy Court 12,true,false,CRAWL
Ariana,Harris,2009,ariana.h@email.com,Sunflower Lane 27,false,true,MEDLEY
Levi,Turner,2002,levi.t@email.com,Tulip Avenue 9,false,true,BUTTERFLY
Hailey,James,2001,hailey.j@email.com,Magnolia Drive 22,true,false,CRAWL
Caleb,Barnes,1985,caleb.b@email.com,Poppy Street 13,false,false,CRAWL
Addison,Long,1971,addison.l@email.com,Lavender Lane 28,false,true,MEDLEY
Elena,Morris,1999,elena.m@email.com,Rosemary Road 17,true,false,CRAWL
Nolan,Wood,1976,nolan.w@email.com,Lily Court 30,true,false,CRAWL
Connor,Bell,1984,connor.b@email.com,Pansy Drive 24,false,true,BUTTERFLY
Savannah,Ward,2005,savannah.w@email.com,Marigold Street 15,true,false,CRAWL
Jack,Fleming,1974,jack.f@email.com,Daisy Lane 26,false,false,MEDLEY
Aria,Cruz,1969,aria.c@email.com,Buttercup Road 7,true,true,CRAWL
Owen,Richardson,1985,owen.r@email.com,Primrose Court 20,false,false,BREASTSTROKE
Zoey,Hall,1963,zoey.h@email.com,Lily-of-the-Valley Drive 31,true,false,MEDLEY
Wyatt,Ramirez,1978,wyatt.r@email.com,Camellia Lane 6,true,true,MEDLEY
Aurora,Bryant,1973,aurora.b@email.com,Tulip Drive 19,false,true,BUTTERFLY
